total_queries,top_1_accuracy,top_3_accuracy,top_5_accuracy
1546,0.21733505821474774,0.2574385510996119,0.2807244501940492
