total_queries,top_1_accuracy,top_3_accuracy,top_5_accuracy
1546,0.7289780077619664,0.8214747736093143,0.8253557567917206
